Month,Actual Output,Predicted Output
1,33.09,22.495186
2,28.52,22.48219
3,25.59,14.162499
4,29.07,27.65979
5,32.1,19.825224
6,33.12,16.186726
7,31.86,24.855322
8,29.17,24.124071
9,30.16,25.874996
10,26.13,18.484472
11,25.45,16.229815
12,27.35,28.41634
